Input size,Runtime
1000,0.04258
10000,0.275199
20000,0.361865
30000,0.332551
50000,0.620526
100000,1.657
200000,3.41356
500000,9.61945
1000000,16.325
