Input size,Runtime
100000,0.273315
200000,0.592514
300000,0.861729
400000,1.18455
500000,1.45005
600000,1.74484
700000,2.14095
800000,2.42571
900000,2.76218
1000000,3.0686
