Input size,Runtime
100000,0.363964
200000,0.375307
300000,0.395912
400000,0.363434
500000,0.356525
