Input size,Runtime
100000,0.334013
200000,0.471256
300000,0.404984
400000,0.422534
500000,0.490658
