Maximum Bufferpool Size,LRU Runtime,Clock Runtime
4096,3.44667,4.0932
8192,3.44223,3.41047
12288,3.54422,3.36875
16384,2.45879,3.54353
20480,1.9813,2.64845
24576,1.38085,1.59847
28672,1.29582,1.39383
32768,1.21798,1.1989
36864,1.13065,1.2511
40960,1.12157,1.13362
45056,1.08928,1.11084
49152,1.01349,1.13298
53248,1.0774,1.11868
57344,1.10377,1.19887
61440,1.03218,1.14785
