Maximum Bufferpool Size,Runtime
4096,1.04422
8192,1.1254
12288,1.01763
16384,0.637451
20480,0.601972
24576,0.331695
28672,0.336432
32768,0.337105
36864,0.293221
40960,0.313393
45056,0.340575
