Input size,Runtime
100000,0.670808
200000,0.906753
300000,1.31509
400000,1.77098
500000,2.25958
600000,2.90318
700000,3.34151
800000,3.78466
900000,4.26966
1000000,4.73506
