Maximum Bufferpool Size,Runtime
4096,1.06514
8192,1.00336
12288,1.0357
16384,1.01266
20480,0.723249
24576,0.405026
28672,0.371513
32768,0.374424
36864,0.338934
40960,0.310766
45056,0.347195
