Input size,Runtime
100000,0.014584
200000,0.033356
300000,0.044478
400000,0.054096
500000,0.07265
600000,0.102578
700000,0.110941
800000,0.118042
900000,0.139892
1000000,0.151121
