Input size,Runtime
100000,0.034857
200000,0.090275
300000,0.12696
400000,0.158822
500000,0.209788
600000,0.277367
700000,0.29303
800000,0.357887
900000,0.3979
1000000,0.421629
