Input size,Runtime
100000,0.009109
200000,0.026029
300000,0.040143
400000,0.058724
500000,0.071671
600000,0.091865
700000,0.104236
800000,0.119126
900000,0.138632
1000000,0.146854
